{"cameraMode":{"drawMode":0,"name":"Shaded","section":"Shading Mode"},"sceneLighting":false,"audioPlay":false,"sceneViewState":{"m_AlwaysRefresh":false,"showFog":true,"showSkybox":true,"showFlares":true,"showImageEffects":true,"showParticleSystems":true,"showVisualEffectGraphs":true,"m_FxEnabled":true},"in2DMode":false,"pivot":{"x":-8.47909164428711,"y":-3.3630173206329347,"z":-9.786988258361817},"rotation":{"x":0.012784057296812535,"y":-0.9537369012832642,"z":0.29538634419441225,"w":0.04378100112080574},"size":11.925186157226563,"orthographic":false}